,Sample.Name,File.Name,Timepoint,A.CT.mean,Acerv.CT.mean,A.CT.sd,Acerv.CT.sd,A.reps,Acerv.reps,A.Acerv
87,201,DK_T1_Subsample_1.csv,T1,22.332,24.356,0.094752309,0.025455844,2,2,1.091674434
88,228,DK_T1_Subsample_1.csv,T1,21.613,24.427,0.065053824,0.082024387,2,2,1.887586385
89,230,DK_T1_Subsample_1.csv,T1,21.5935,25.173,0.316076731,0.154149278,2,2,3.208819572
90,235,DK_T1_Subsample_1.csv,T1,22.012,25.212,0.004242641,0.1668772,2,2,2.466632302
91,281,DK_T1_Subsample_1.csv,T1,22.02,24.57,0.106066017,0.22627417,2,2,1.571936207
92,289,DK_T1_Subsample_1.csv,T1,22.2145,24.9885,0.016263456,0.113844192,2,2,1.835970236
93,A004,DK_T1_Subsample_1.csv,T1,22.6985,24.66,0.044547727,0.257386868,2,2,1.045391019
94,A011,DK_T1_Subsample_1.csv,T1,22.026,24.5155,0.008485281,0.214253355,2,2,1.507379493
95,A012,DK_T1_Subsample_1.csv,T1,22.594,25.769,0.156977705,0.053740115,2,2,2.424257035
96,A028,DK_T1_Subsample_1.csv,T1,23.158,26.028,0.12303658,0.28991378,2,2,1.962295988
97,A047,DK_T1_Subsample_1.csv,T1,22.694,28.0285,0.045254834,0.193040151,2,2,10.83061057
98,A064,DK_T1_Subsample_1.csv,T1,22.038,26.463,0.164048773,0.125865007,2,2,5.76588743
99,A066,DK_T1_Subsample_1.csv,T1,21.7355,26.573,0.109601551,0.571342279,2,2,7.674339936
100,A069,DK_T1_Subsample_1.csv,T1,22.123,25.598,0.172534055,0.050911688,2,2,2.984610506
101,A100,DK_T1_Subsample_1.csv,T1,22.645,24.0855,0.333754401,0.098287843,2,2,0.728521104
102,A104,DK_T1_Subsample_1.csv,T1,21.3715,27.338,0.072831998,0.783474314,2,2,16.78432567
103,A110,DK_T1_Subsample_1.csv,T1,21.815,25.6925,0.06363961,0.376887914,2,2,3.945047499
104,A125,DK_T1_Subsample_1.csv,T1,22.168,25.997,0.052325902,0.005656854,2,2,3.814628787
105,A152,DK_T1_Subsample_1.csv,T1,21.5585,25.766,0.0417193,0.028284271,2,2,4.95897747
106,A175,DK_T1_Subsample_1.csv,T1,22.724,26.9665,0.917824602,0.019091883,2,2,5.080754202
107,A180,DK_T1_Subsample_1.csv,T1,21.473,25.611,0.021213203,0.213546248,2,2,4.725747905
113,228,DK_T1_Subsample_1_re extract_plate1.csv,T1,20.35,23.62,0.084852814,0.18243355,2,2,2.58926508
114,230,DK_T1_Subsample_1_re extract_plate1.csv,T1,20.121,24.266,0.195161472,0.325269119,2,2,4.748733094
115,281,DK_T1_Subsample_1_re extract_plate1.csv,T1,20.64,24.21,0.117379726,0.596798123,2,2,3.187759238
109,A004,DK_T1_Subsample_1_re extract_plate1.csv,T1,21.854,23.7175,0.18667619,0.214253355,2,2,0.976737418
116,A011,DK_T1_Subsample_1_re extract_plate1.csv,T1,20.399,23.751,0.188090404,0.183847763,2,2,2.740696681
117,A064,DK_T1_Subsample_1_re extract_plate1.csv,T1,20.5955,25.5885,0.218495995,0.225567063,2,2,8.547737898
119,A066,DK_T1_Subsample_1_re extract_plate1.csv,T1,20.352,25.662,0.227688384,0.733976839,2,2,10.64823692
118,A100,DK_T1_Subsample_1_re extract_plate1.csv,T1,21.037,22.018,0.135764502,2.153847255,2,2,0.529808418
110,A104,DK_T1_Subsample_1_re extract_plate1.csv,T1,20.529,26.0825,0.072124892,0.06151829,2,2,12.60603502
111,A110,DK_T1_Subsample_1_re extract_plate1.csv,T1,20.9645,25.1255,0.463154942,0.078488853,2,2,4.80169135
112,A180,DK_T1_Subsample_1_re extract_plate1.csv,T1,20.586,24.688,0.104651804,0.138592929,2,2,4.609284029
120,A183,DK_T1_Subsample_1_re extract_plate1.csv,T0,24.156,24.3695,0.240416306,0.236880772,2,2,0.311227764
121,A184,DK_T1_Subsample_1_re extract_plate1.csv,T0,23.2925,24.1025,0.147785317,0.374059487,2,2,0.470590033
122,A185,DK_T1_Subsample_1_re extract_plate1.csv,T0,24.601,23.893,1.158240908,0.065053824,2,2,0.164315749
123,A186,DK_T1_Subsample_1_re extract_plate1.csv,T0,23.959,23.813,0.240416306,0.263043723,2,2,0.242581708
124,A187,DK_T1_Subsample_1_re extract_plate1.csv,T0,23.753,24.5025,0.298399062,0.877519515,2,2,0.451263711
125,A189,DK_T1_Subsample_1_re extract_plate1.csv,T0,23.753,25.6175,0.073539105,0.119501046,2,2,0.977414675
126,A190,DK_T1_Subsample_1_re extract_plate1.csv,T0,23.1695,24.281,0.323147799,0.429920923,2,2,0.579966981
127,A191,DK_T1_Subsample_1_re extract_plate1.csv,T0,23.348,24.1585,0.015556349,0.280721392,2,2,0.470753156
128,A192,DK_T1_Subsample_1_re extract_plate1.csv,T0,24.188,24.3025,0.316783838,0.690843325,2,2,0.290587121
129,A193,DK_T1_Subsample_1_re extract_plate1.csv,T0,22.7435,23.763,0.038890873,0.354967604,2,2,0.544137315
151,201,DK_T1_Subsample_1_re extract_plate2.csv,T1,20.7395,23.47,0.171826948,1.663115149,2,2,1.78143849
139,218,DK_T1_Subsample_1_re extract_plate2.csv,T1,21.726,24.1305,1.75079639,0.115258405,2,2,1.421134076
131,235,DK_T1_Subsample_1_re extract_plate2.csv,T1,20.3575,23.61,0.109601551,0.175362482,2,2,2.558046821
140,245,DK_T1_Subsample_1_re extract_plate2.csv,T1,20.8705,23.972,0.132228968,0.055154329,2,2,2.303843425
141,268,DK_T1_Subsample_1_re extract_plate2.csv,T1,20.7295,23.27,0.140714249,0.82165808,2,2,1.561619173
152,289,DK_T1_Subsample_1_re extract_plate2.csv,T1,20.7925,23.1775,0.000707107,0.176069589,2,2,1.402054734
142,A006,DK_T1_Subsample_1_re extract_plate2.csv,T1,20.9015,26.5875,0.091216775,0.137885822,2,2,13.81862985
132,A012,DK_T1_Subsample_1_re extract_plate2.csv,T1,21.107,24.1785,0.015556349,0.279307179,2,2,2.256431013
143,A013,DK_T1_Subsample_1_re extract_plate2.csv,T1,22.2845,22.525,0.149199531,0.445477272,2,2,0.317107229
144,A020,DK_T1_Subsample_1_re extract_plate2.csv,T1,19.8565,22.8175,0.1251579,0.321733585,2,2,2.090057555
133,A028,DK_T1_Subsample_1_re extract_plate2.csv,T1,20.7845,24.2975,0.195868578,0.163341666,2,2,3.064268404
145,A042,DK_T1_Subsample_1_re extract_plate2.csv,T1,19.7485,24.5755,0.094045202,0.006363961,2,2,7.618688504
134,A047,DK_T1_Subsample_1_re extract_plate2.csv,T1,20.552,26.0225,0.01979899,0.18455487,2,2,11.9012621
146,A065,DK_T1_Subsample_1_re extract_plate2.csv,T1,20.6705,22.887,0.178898016,0.110308658,2,2,1.247502469
135,A069,DK_T1_Subsample_1_re extract_plate2.csv,T1,20.92,23.6875,0.04384062,0.129400541,2,2,1.827716958
136,A091,DK_T1_Subsample_1_re extract_plate2.csv,T1,20.781,25.675,0.108894444,0.480832611,2,2,7.980851449
148,A125,DK_T1_Subsample_1_re extract_plate2.csv,T1,20.8645,24.429,0.072831998,0.111722871,2,2,3.175629648
149,A152,DK_T1_Subsample_1_re extract_plate2.csv,T1,20.5275,24.6195,0.127986327,0.915703282,2,2,4.577445378
137,A154,DK_T1_Subsample_1_re extract_plate2.csv,T1,19.42,25.8435,0.106066017,0.475882864,2,2,23.03958253
150,A175,DK_T1_Subsample_1_re extract_plate2.csv,T1,20.4855,24.7975,0.02192031,0.143542677,2,2,5.331504373
147,A178,DK_T1_Subsample_1_re extract_plate2.csv,T1,20.5035,23.0655,0.096873629,0.102530483,2,2,1.585065733
138,A186,DK_T1_Subsample_1_re extract_plate2.csv,T1,20.2145,25.1385,0.10111627,0.057275649,2,2,8.148546103
154,201,DK_T1_Subsample_1_redo.csv,T1,21.455,23.687,0.094752309,0.089095454,2,2,1.26097762
155,228,DK_T1_Subsample_1_redo.csv,T1,20.8695,23.7225,0.225567063,0.072831998,2,2,1.939308969
156,230,DK_T1_Subsample_1_redo.csv,T1,20.5395,24.2975,0.099702056,0.126572114,2,2,3.631442334
157,235,DK_T1_Subsample_1_redo.csv,T1,21.05,24.4435,0.154149278,0.241123412,2,2,2.820679347
158,281,DK_T1_Subsample_1_redo.csv,T1,21.1095,23.8635,0.235466558,0.258093975,2,2,1.810693892
159,289,DK_T1_Subsample_1_redo.csv,T1,21.3975,24.731,0.113844192,0.946108873,2,2,2.70577649
160,A004,DK_T1_Subsample_1_redo.csv,T1,21.8255,23.944,0.043133514,0.026870058,2,2,1.165575672
161,A011,DK_T1_Subsample_1_redo.csv,T1,21.05,23.7805,0.287085353,0.050204581,2,2,1.78143849
162,A012,DK_T1_Subsample_1_redo.csv,T1,21.7845,24.85,0.129400541,0.018384776,2,2,2.247066267
163,A028,DK_T1_Subsample_1_redo.csv,T1,22.3835,25.3045,0.062932504,0.10111627,2,2,2.032904821
164,A047,DK_T1_Subsample_1_redo.csv,T1,21.559,27.227,0.458205194,0.011313708,2,2,13.64729074
165,A064,DK_T1_Subsample_1_redo.csv,T1,21.006,25.614,0.222031529,0.024041631,2,2,6.545678167
166,A066,DK_T1_Subsample_1_redo.csv,T1,20.6295,25.6495,0.253851334,0.446184379,2,2,8.709214895
167,A069,DK_T1_Subsample_1_redo.csv,T1,21.167,24.9,0.032526912,0.028284271,2,2,3.569056328
168,A100,DK_T1_Subsample_1_redo.csv,T1,21.613,23.4425,0.096166522,0.098287843,2,2,0.953987766
169,A104,DK_T1_Subsample_1_redo.csv,T1,20.6385,26.2,0.335875721,0.120208153,2,2,12.67613189
170,A110,DK_T1_Subsample_1_redo.csv,T1,21.2345,25.27,0.419314321,0.247487373,2,2,4.401644624
171,A125,DK_T1_Subsample_1_redo.csv,T1,21.5035,25.4415,0.358503138,0.119501046,2,2,4.114002501
172,A152,DK_T1_Subsample_1_redo.csv,T1,20.784,25.1515,0.012727922,0.092630988,2,2,5.540601745
173,A175,DK_T1_Subsample_1_redo.csv,T1,22.0675,26.196,1.371080049,0.022627417,2,2,4.694731568
174,A180,DK_T1_Subsample_1_redo.csv,T1,20.676,24.8035,0.091923882,0.088388348,2,2,4.691478555
176,207,DK_T1_Subsample_2.csv,T1,22.211,25.0025,0.318198052,0.095459415,2,2,1.858376313
177,218,DK_T1_Subsample_2.csv,T1,22.573,25.6915,0.065053824,0.283549819,2,2,2.331151344
178,244,DK_T1_Subsample_2.csv,T1,23.034,23.3715,0.487903679,0.33163308,2,2,0.339161113
179,245,DK_T1_Subsample_2.csv,T1,22.2165,25.9825,0.426385389,0.355674711,2,2,3.651635261
180,263,DK_T1_Subsample_2.csv,T1,22.4085,23.915,0.071417785,0.015556349,2,2,0.762623383
181,268,DK_T1_Subsample_2.csv,T1,22.354,24.1045,0.185261977,0.053033009,2,2,0.903153222
182,410,DK_T1_Subsample_2.csv,T1,21.2095,26.2595,0.118086832,0.060104076,2,2,8.892214013
183,A006,DK_T1_Subsample_2.csv,T1,22.808,27.8515,0.080610173,0.012020815,2,2,8.852240645
184,A013,DK_T1_Subsample_2.csv,T1,24.231,23.9015,0.004242641,0.023334524,2,2,0.213608753
185,A014,DK_T1_Subsample_2.csv,T1,23.7775,23.704,0.168998521,0.171119841,2,2,0.255083709
186,A020,DK_T1_Subsample_2.csv,T1,21.942,24.389,0.009899495,0.06363961,2,2,1.46362166
187,A036,DK_T1_Subsample_2.csv,T1,22.717,23.3225,0.376180808,0.136471609,2,2,0.408396575
188,A042,DK_T1_Subsample_2.csv,T1,22.504,25.8675,0.311126984,0.023334524,2,2,2.762630606
189,A051,DK_T1_Subsample_2.csv,T1,22.7435,23.9705,0.065760931,0.098287843,2,2,0.628307484
190,A065,DK_T1_Subsample_2.csv,T1,22.992,25.1745,0.272943218,0.201525433,2,2,1.218446301
191,A077,DK_T1_Subsample_2.csv,T1,22.3525,24.177,0.047376154,0.340825469,2,2,0.950687219
192,A091,DK_T1_Subsample_2.csv,T1,22.4185,26.851,0.102530483,0.135764502,2,2,5.795940043
193,A105,DK_T1_Subsample_2.csv,T1,21.8525,23.874,0.511238203,0.053740115,2,2,1.089784344
194,A154,DK_T1_Subsample_2.csv,T1,20.8505,28.2465,0.222738636,0.253851334,2,2,45.20914319
195,A162,DK_T1_Subsample_2.csv,T1,22.058,26.1005,0.367695526,0.355674711,2,2,4.423053433
196,A178,DK_T1_Subsample_2.csv,T1,22.32,24.7525,0.138592929,0.226981277,2,2,1.448985011
197,A186,DK_T1_Subsample_2.csv,T1,22.1285,26.9385,0.000707107,0.338704148,2,2,7.529440532
200,207,DK_T1_Subsample_2_redo.csv,T1,21.8405,24.572,0.2085965,0.120208153,2,2,1.782673717
201,218,DK_T1_Subsample_2_redo.csv,T1,22.28,24.9865,0.322440692,0.072831998,2,2,1.75204845
202,244,DK_T1_Subsample_2_redo.csv,T1,22.8285,22.989,0.724784451,0.296984848,2,2,0.300001719
203,245,DK_T1_Subsample_2_redo.csv,T1,22.486,25.566,NA,0.37335238,1,2,2.269764583
204,263,DK_T1_Subsample_2_redo.csv,T1,22.14,23.4925,0.045254834,0.102530483,2,2,0.685411675
205,268,DK_T1_Subsample_2_redo.csv,T1,22.3185,23.725,0.142128463,0.12303658,2,2,0.711552776
206,410,DK_T1_Subsample_2_redo.csv,T1,20.9205,26.435,0.086974134,0.842871283,2,2,12.26982418
207,A006,DK_T1_Subsample_2_redo.csv,T1,22.5855,27.4605,0.263750829,0.034648232,2,2,7.876434346
208,A013,DK_T1_Subsample_2_redo.csv,T1,24.0255,23.4015,0.031819805,0.026162951,2,2,0.174166936
209,A014,DK_T1_Subsample_2_redo.csv,T1,23.7255,23.303,0.137885822,0.223445743,2,2,0.200273393
210,A020,DK_T1_Subsample_2_redo.csv,T1,22.0785,24.0885,0.306177236,0.348603643,2,2,1.081131994
211,A036,DK_T1_Subsample_2_redo.csv,T1,22.644,23.085,0.101823376,0.079195959,2,2,0.364386817
212,A042,DK_T1_Subsample_2_redo.csv,T1,21.967,25.4215,0.036769553,0.195868578,2,2,2.942500521
213,A051,DK_T1_Subsample_2_redo.csv,T1,22.7205,23.477,0.154856385,0.06363961,2,2,0.453458576
214,A065,DK_T1_Subsample_2_redo.csv,T1,22.623,24.529,0.056568542,0.223445743,2,2,1.005938894
215,A077,DK_T1_Subsample_2_redo.csv,T1,22.1295,23.4945,0.185969083,0.010606602,2,2,0.691376116
216,A091,DK_T1_Subsample_2_redo.csv,T1,22.1,26.405,0.012727922,0.132936075,2,2,5.305698408
217,A105,DK_T1_Subsample_2_redo.csv,T1,22.179,23.4625,0.287085353,0.1251579,2,2,0.653401952
218,A154,DK_T1_Subsample_2_redo.csv,T1,20.4455,27.545,0.060104076,0.552957503,2,2,36.81042932
219,A162,DK_T1_Subsample_2_redo.csv,T1,21.8505,25.651,0.028991378,0.007071068,2,2,3.740011408
220,A178,DK_T1_Subsample_2_redo.csv,T1,22.0225,24.155,0.096873629,0.12303658,2,2,1.176941547
221,A186,DK_T1_Subsample_2_redo.csv,T1,21.961,26.2665,0.155563492,0.112429978,2,2,5.307537542
